{"cameraMode":{"drawMode":0,"name":"Shaded","section":"Shading Mode"},"sceneLighting":false,"audioPlay":false,"sceneViewState":{"showFog":true,"showMaterialUpdate":true,"showSkybox":true,"showFlares":true,"showImageEffects":true,"showParticleSystems":true},"in2DMode":false,"pivot":{"x":16.026763916015626,"y":561.0096435546875,"z":-2.874866247177124},"rotation":{"x":-0.042293891310691836,"y":0.013748891651630402,"z":-0.0009672656306065619,"w":-0.9991310238838196},"size":97.62147521972656,"orthographic":false}