{"cameraMode":{"drawMode":0,"name":"Shaded","section":"Shading Mode"},"sceneLighting":false,"audioPlay":false,"sceneViewState":{"showFog":true,"showMaterialUpdate":true,"showSkybox":true,"showFlares":true,"showImageEffects":true,"showParticleSystems":true},"in2DMode":false,"pivot":{"x":-51.87481689453125,"y":42.694854736328128,"z":-0.17000001668930055},"rotation":{"x":-0.09157248586416245,"y":0.04837355017662048,"z":-0.004453590605407953,"w":-0.9946131706237793},"size":208.40582275390626,"orthographic":false}